[
{
  "model": "admin.logentry",
  "pk": 1,
  "fields": {
    "action_time": "2026-01-11T08:00:47.802Z",
    "user": 3,
    "content_type": 4,
    "object_id": "2",
    "object_repr": "maheshshrestha",
    "action_flag": 3,
    "change_message": ""
  }
},
{
  "model": "admin.logentry",
  "pk": 2,
  "fields": {
    "action_time": "2026-01-11T08:01:25.014Z",
    "user": 3,
    "content_type": 4,
    "object_id": "2",
    "object_repr": "maheshshrestha",
    "action_flag": 3,
    "change_message": ""
  }
},
{
  "model": "auth.permission",
  "pk": 1,
  "fields": {
    "name": "Can add log entry",
    "content_type": 1,
    "codename": "add_logentry"
  }
},
{
  "model": "auth.permission",
  "pk": 2,
  "fields": {
    "name": "Can change log entry",
    "content_type": 1,
    "codename": "change_logentry"
  }
},
{
  "model": "auth.permission",
  "pk": 3,
  "fields": {
    "name": "Can delete log entry",
    "content_type": 1,
    "codename": "delete_logentry"
  }
},
{
  "model": "auth.permission",
  "pk": 4,
  "fields": {
    "name": "Can view log entry",
    "content_type": 1,
    "codename": "view_logentry"
  }
},
{
  "model": "auth.permission",
  "pk": 5,
  "fields": {
    "name": "Can add permission",
    "content_type": 3,
    "codename": "add_permission"
  }
},
{
  "model": "auth.permission",
  "pk": 6,
  "fields": {
    "name": "Can change permission",
    "content_type": 3,
    "codename": "change_permission"
  }
},
{
  "model": "auth.permission",
  "pk": 7,
  "fields": {
    "name": "Can delete permission",
    "content_type": 3,
    "codename": "delete_permission"
  }
},
{
  "model": "auth.permission",
  "pk": 8,
  "fields": {
    "name": "Can view permission",
    "content_type": 3,
    "codename": "view_permission"
  }
},
{
  "model": "auth.permission",
  "pk": 9,
  "fields": {
    "name": "Can add group",
    "content_type": 2,
    "codename": "add_group"
  }
},
{
  "model": "auth.permission",
  "pk": 10,
  "fields": {
    "name": "Can change group",
    "content_type": 2,
    "codename": "change_group"
  }
},
{
  "model": "auth.permission",
  "pk": 11,
  "fields": {
    "name": "Can delete group",
    "content_type": 2,
    "codename": "delete_group"
  }
},
{
  "model": "auth.permission",
  "pk": 12,
  "fields": {
    "name": "Can view group",
    "content_type": 2,
    "codename": "view_group"
  }
},
{
  "model": "auth.permission",
  "pk": 13,
  "fields": {
    "name": "Can add user",
    "content_type": 4,
    "codename": "add_user"
  }
},
{
  "model": "auth.permission",
  "pk": 14,
  "fields": {
    "name": "Can change user",
    "content_type": 4,
    "codename": "change_user"
  }
},
{
  "model": "auth.permission",
  "pk": 15,
  "fields": {
    "name": "Can delete user",
    "content_type": 4,
    "codename": "delete_user"
  }
},
{
  "model": "auth.permission",
  "pk": 16,
  "fields": {
    "name": "Can view user",
    "content_type": 4,
    "codename": "view_user"
  }
},
{
  "model": "auth.permission",
  "pk": 17,
  "fields": {
    "name": "Can add content type",
    "content_type": 5,
    "codename": "add_contenttype"
  }
},
{
  "model": "auth.permission",
  "pk": 18,
  "fields": {
    "name": "Can change content type",
    "content_type": 5,
    "codename": "change_contenttype"
  }
},
{
  "model": "auth.permission",
  "pk": 19,
  "fields": {
    "name": "Can delete content type",
    "content_type": 5,
    "codename": "delete_contenttype"
  }
},
{
  "model": "auth.permission",
  "pk": 20,
  "fields": {
    "name": "Can view content type",
    "content_type": 5,
    "codename": "view_contenttype"
  }
},
{
  "model": "auth.permission",
  "pk": 21,
  "fields": {
    "name": "Can add session",
    "content_type": 6,
    "codename": "add_session"
  }
},
{
  "model": "auth.permission",
  "pk": 22,
  "fields": {
    "name": "Can change session",
    "content_type": 6,
    "codename": "change_session"
  }
},
{
  "model": "auth.permission",
  "pk": 23,
  "fields": {
    "name": "Can delete session",
    "content_type": 6,
    "codename": "delete_session"
  }
},
{
  "model": "auth.permission",
  "pk": 24,
  "fields": {
    "name": "Can view session",
    "content_type": 6,
    "codename": "view_session"
  }
},
{
  "model": "auth.permission",
  "pk": 25,
  "fields": {
    "name": "Can add profile",
    "content_type": 7,
    "codename": "add_profile"
  }
},
{
  "model": "auth.permission",
  "pk": 26,
  "fields": {
    "name": "Can change profile",
    "content_type": 7,
    "codename": "change_profile"
  }
},
{
  "model": "auth.permission",
  "pk": 27,
  "fields": {
    "name": "Can delete profile",
    "content_type": 7,
    "codename": "delete_profile"
  }
},
{
  "model": "auth.permission",
  "pk": 28,
  "fields": {
    "name": "Can view profile",
    "content_type": 7,
    "codename": "view_profile"
  }
},
{
  "model": "auth.permission",
  "pk": 29,
  "fields": {
    "name": "Can add category",
    "content_type": 8,
    "codename": "add_category"
  }
},
{
  "model": "auth.permission",
  "pk": 30,
  "fields": {
    "name": "Can change category",
    "content_type": 8,
    "codename": "change_category"
  }
},
{
  "model": "auth.permission",
  "pk": 31,
  "fields": {
    "name": "Can delete category",
    "content_type": 8,
    "codename": "delete_category"
  }
},
{
  "model": "auth.permission",
  "pk": 32,
  "fields": {
    "name": "Can view category",
    "content_type": 8,
    "codename": "view_category"
  }
},
{
  "model": "auth.permission",
  "pk": 33,
  "fields": {
    "name": "Can add task",
    "content_type": 9,
    "codename": "add_task"
  }
},
{
  "model": "auth.permission",
  "pk": 34,
  "fields": {
    "name": "Can change task",
    "content_type": 9,
    "codename": "change_task"
  }
},
{
  "model": "auth.permission",
  "pk": 35,
  "fields": {
    "name": "Can delete task",
    "content_type": 9,
    "codename": "delete_task"
  }
},
{
  "model": "auth.permission",
  "pk": 36,
  "fields": {
    "name": "Can view task",
    "content_type": 9,
    "codename": "view_task"
  }
},
{
  "model": "auth.permission",
  "pk": 37,
  "fields": {
    "name": "Can add activity log",
    "content_type": 10,
    "codename": "add_activitylog"
  }
},
{
  "model": "auth.permission",
  "pk": 38,
  "fields": {
    "name": "Can change activity log",
    "content_type": 10,
    "codename": "change_activitylog"
  }
},
{
  "model": "auth.permission",
  "pk": 39,
  "fields": {
    "name": "Can delete activity log",
    "content_type": 10,
    "codename": "delete_activitylog"
  }
},
{
  "model": "auth.permission",
  "pk": 40,
  "fields": {
    "name": "Can view activity log",
    "content_type": 10,
    "codename": "view_activitylog"
  }
},
{
  "model": "auth.permission",
  "pk": 41,
  "fields": {
    "name": "Can add Token",
    "content_type": 11,
    "codename": "add_token"
  }
},
{
  "model": "auth.permission",
  "pk": 42,
  "fields": {
    "name": "Can change Token",
    "content_type": 11,
    "codename": "change_token"
  }
},
{
  "model": "auth.permission",
  "pk": 43,
  "fields": {
    "name": "Can delete Token",
    "content_type": 11,
    "codename": "delete_token"
  }
},
{
  "model": "auth.permission",
  "pk": 44,
  "fields": {
    "name": "Can view Token",
    "content_type": 11,
    "codename": "view_token"
  }
},
{
  "model": "auth.permission",
  "pk": 45,
  "fields": {
    "name": "Can add Token",
    "content_type": 12,
    "codename": "add_tokenproxy"
  }
},
{
  "model": "auth.permission",
  "pk": 46,
  "fields": {
    "name": "Can change Token",
    "content_type": 12,
    "codename": "change_tokenproxy"
  }
},
{
  "model": "auth.permission",
  "pk": 47,
  "fields": {
    "name": "Can delete Token",
    "content_type": 12,
    "codename": "delete_tokenproxy"
  }
},
{
  "model": "auth.permission",
  "pk": 48,
  "fields": {
    "name": "Can view Token",
    "content_type": 12,
    "codename": "view_tokenproxy"
  }
},
{
  "model": "auth.permission",
  "pk": 49,
  "fields": {
    "name": "Can add Blacklisted Token",
    "content_type": 13,
    "codename": "add_blacklistedtoken"
  }
},
{
  "model": "auth.permission",
  "pk": 50,
  "fields": {
    "name": "Can change Blacklisted Token",
    "content_type": 13,
    "codename": "change_blacklistedtoken"
  }
},
{
  "model": "auth.permission",
  "pk": 51,
  "fields": {
    "name": "Can delete Blacklisted Token",
    "content_type": 13,
    "codename": "delete_blacklistedtoken"
  }
},
{
  "model": "auth.permission",
  "pk": 52,
  "fields": {
    "name": "Can view Blacklisted Token",
    "content_type": 13,
    "codename": "view_blacklistedtoken"
  }
},
{
  "model": "auth.permission",
  "pk": 53,
  "fields": {
    "name": "Can add Outstanding Token",
    "content_type": 14,
    "codename": "add_outstandingtoken"
  }
},
{
  "model": "auth.permission",
  "pk": 54,
  "fields": {
    "name": "Can change Outstanding Token",
    "content_type": 14,
    "codename": "change_outstandingtoken"
  }
},
{
  "model": "auth.permission",
  "pk": 55,
  "fields": {
    "name": "Can delete Outstanding Token",
    "content_type": 14,
    "codename": "delete_outstandingtoken"
  }
},
{
  "model": "auth.permission",
  "pk": 56,
  "fields": {
    "name": "Can view Outstanding Token",
    "content_type": 14,
    "codename": "view_outstandingtoken"
  }
},
{
  "model": "auth.user",
  "pk": 1,
  "fields": {
    "password": "pbkdf2_sha256$1200000$oXHCz0N2nmLXQyi6jzjAoD$xiB6QjPQpYTP5wf7XfDl9WJoosrXmuwWwzTdOdKih08=",
    "last_login": "2026-01-05T16:21:34.822Z",
    "is_superuser": true,
    "username": "sthamahes",
    "first_name": "",
    "last_name": "",
    "email": "",
    "is_staff": true,
    "is_active": true,
    "date_joined": "2026-01-04T16:52:43.531Z",
    "groups": [],
    "user_permissions": []
  }
},
{
  "model": "auth.user",
  "pk": 2,
  "fields": {
    "password": "pbkdf2_sha256$1200000$didetooQC97aiF41mzO9x6$wJ8WVQiWcNl++H14QJ54m5pB0bQ9hhyC+6LoWwHebaA=",
    "last_login": "2026-01-08T16:18:29.477Z",
    "is_superuser": false,
    "username": "maheshshrestha",
    "first_name": "",
    "last_name": "",
    "email": "sthamahes85@gmail.com",
    "is_staff": false,
    "is_active": true,
    "date_joined": "2026-01-05T16:21:15.296Z",
    "groups": [],
    "user_permissions": []
  }
},
{
  "model": "auth.user",
  "pk": 3,
  "fields": {
    "password": "pbkdf2_sha256$1200000$J8iLBJUneHUH7H97pX0sk0$5M9XPnLi/R2hamr+ptE6DojTafisysA7ZYDGLj12nU0=",
    "last_login": "2026-01-31T17:42:12.828Z",
    "is_superuser": true,
    "username": "sthamahesh04",
    "first_name": "",
    "last_name": "",
    "email": "sthamahes85@gmail.com",
    "is_staff": true,
    "is_active": true,
    "date_joined": "2026-01-11T07:59:49.553Z",
    "groups": [],
    "user_permissions": []
  }
},
{
  "model": "auth.user",
  "pk": 4,
  "fields": {
    "password": "pbkdf2_sha256$1200000$PDGlDLK8Af3Xb4MjE5K96o$RFnql1CI42djOvkaBdVehdy4PfBAFZ8UlP+4ui4PLao=",
    "last_login": null,
    "is_superuser": false,
    "username": "testuser",
    "first_name": "",
    "last_name": "",
    "email": "test123@eg.com",
    "is_staff": false,
    "is_active": true,
    "date_joined": "2026-01-14T07:56:37.288Z",
    "groups": [],
    "user_permissions": []
  }
},
{
  "model": "auth.user",
  "pk": 5,
  "fields": {
    "password": "pbkdf2_sha256$1200000$NpIV4BotEOH9at6JHKJGjh$BkFlW2S/te9cIQfcnBh3C46XVXJ2LqW9IXYGY7RJrc0=",
    "last_login": null,
    "is_superuser": false,
    "username": "testuser2",
    "first_name": "",
    "last_name": "",
    "email": "test123@egp.com",
    "is_staff": false,
    "is_active": true,
    "date_joined": "2026-01-14T07:57:07.382Z",
    "groups": [],
    "user_permissions": []
  }
},
{
  "model": "auth.user",
  "pk": 6,
  "fields": {
    "password": "pbkdf2_sha256$1200000$lzzV46XKw4jS9lKoI86IoS$4QvAWwN2l5BhRDO/CJSi6E1B5JPFZXZwvxcSx00IJOs=",
    "last_login": null,
    "is_superuser": false,
    "username": "testusers",
    "first_name": "",
    "last_name": "",
    "email": "test123@og.com",
    "is_staff": false,
    "is_active": true,
    "date_joined": "2026-01-15T15:35:35.991Z",
    "groups": [],
    "user_permissions": []
  }
},
{
  "model": "contenttypes.contenttype",
  "pk": 1,
  "fields": {
    "app_label": "admin",
    "model": "logentry"
  }
},
{
  "model": "contenttypes.contenttype",
  "pk": 2,
  "fields": {
    "app_label": "auth",
    "model": "group"
  }
},
{
  "model": "contenttypes.contenttype",
  "pk": 3,
  "fields": {
    "app_label": "auth",
    "model": "permission"
  }
},
{
  "model": "contenttypes.contenttype",
  "pk": 4,
  "fields": {
    "app_label": "auth",
    "model": "user"
  }
},
{
  "model": "contenttypes.contenttype",
  "pk": 5,
  "fields": {
    "app_label": "contenttypes",
    "model": "contenttype"
  }
},
{
  "model": "contenttypes.contenttype",
  "pk": 6,
  "fields": {
    "app_label": "sessions",
    "model": "session"
  }
},
{
  "model": "contenttypes.contenttype",
  "pk": 7,
  "fields": {
    "app_label": "user",
    "model": "profile"
  }
},
{
  "model": "contenttypes.contenttype",
  "pk": 8,
  "fields": {
    "app_label": "category",
    "model": "category"
  }
},
{
  "model": "contenttypes.contenttype",
  "pk": 9,
  "fields": {
    "app_label": "tasks",
    "model": "task"
  }
},
{
  "model": "contenttypes.contenttype",
  "pk": 10,
  "fields": {
    "app_label": "activityLog",
    "model": "activitylog"
  }
},
{
  "model": "contenttypes.contenttype",
  "pk": 11,
  "fields": {
    "app_label": "authtoken",
    "model": "token"
  }
},
{
  "model": "contenttypes.contenttype",
  "pk": 12,
  "fields": {
    "app_label": "authtoken",
    "model": "tokenproxy"
  }
},
{
  "model": "contenttypes.contenttype",
  "pk": 13,
  "fields": {
    "app_label": "token_blacklist",
    "model": "blacklistedtoken"
  }
},
{
  "model": "contenttypes.contenttype",
  "pk": 14,
  "fields": {
    "app_label": "token_blacklist",
    "model": "outstandingtoken"
  }
},
{
  "model": "sessions.session",
  "pk": "o9syx83oel3kph39m9le7jgs4d4s3wp7",
  "fields": {
    "session_data": ".eJxVjMsOwiAQRf-FtSHDG1y69xsIw1CpGkhKuzL-uzbpQrf3nHNfLKZtrXEbZYkzsTNT7PS7YcqP0nZA99Runefe1mVGviv8oINfO5Xn5XD_Dmoa9VsLqS2hx2KVN0arkjUKmKRDCQnIWK8nAi9ECCYXh9kHGUC6nCiA9Yq9P8vaNxc:1veqdc:jnSUKM0uGxBKs3hKoPfc1M6OdClAG8LWSZJmr378LsI",
    "expire_date": "2026-01-25T08:17:28.114Z"
  }
},
{
  "model": "sessions.session",
  "pk": "vze1salh1xbzhkczawz31wj7spdj0qtq",
  "fields": {
    "session_data": ".eJxVjMsOwiAQRf-FtSHDG1y69xsIw1CpGkhKuzL-uzbpQrf3nHNfLKZtrXEbZYkzsTNT7PS7YcqP0nZA99Runefe1mVGviv8oINfO5Xn5XD_Dmoa9VsLqS2hx2KVN0arkjUKmKRDCQnIWK8nAi9ECCYXh9kHGUC6nCiA9Yq9P8vaNxc:1vmEz6:oBUsYoA4eQGXq4VxYZunL1RD4C85hi5yndrjhA-JWe4",
    "expire_date": "2026-02-14T17:42:12.834Z"
  }
},
{
  "model": "user.profile",
  "pk": 1,
  "fields": {
    "user": 2,
    "role": "user",
    "created_at": "2026-01-05T16:21:16.151Z",
    "updated_at": "2026-01-05T16:21:16.151Z"
  }
},
{
  "model": "user.profile",
  "pk": 2,
  "fields": {
    "user": 3,
    "role": "user",
    "created_at": "2026-01-11T08:17:28.095Z",
    "updated_at": "2026-01-11T08:17:28.095Z"
  }
},
{
  "model": "user.profile",
  "pk": 3,
  "fields": {
    "user": 4,
    "role": "user",
    "created_at": "2026-01-14T07:56:38.228Z",
    "updated_at": "2026-01-14T07:56:38.228Z"
  }
},
{
  "model": "user.profile",
  "pk": 4,
  "fields": {
    "user": 5,
    "role": "user",
    "created_at": "2026-01-14T07:57:08.389Z",
    "updated_at": "2026-01-14T07:57:08.390Z"
  }
},
{
  "model": "user.profile",
  "pk": 5,
  "fields": {
    "user": 6,
    "role": "user",
    "created_at": "2026-01-15T15:35:37.290Z",
    "updated_at": "2026-01-15T15:35:37.290Z"
  }
},
{
  "model": "category.category",
  "pk": 4,
  "fields": {
    "name": "Technical",
    "user": 2,
    "created_at": "2026-01-11T07:49:37.517Z",
    "updated_at": "2026-01-11T07:49:37.517Z"
  }
},
{
  "model": "category.category",
  "pk": 5,
  "fields": {
    "name": "Technical",
    "user": 3,
    "created_at": "2026-01-11T08:17:48.035Z",
    "updated_at": "2026-01-11T08:17:48.035Z"
  }
},
{
  "model": "category.category",
  "pk": 8,
  "fields": {
    "name": "Code",
    "user": 4,
    "created_at": "2026-01-15T13:42:06.220Z",
    "updated_at": "2026-01-15T13:42:06.220Z"
  }
},
{
  "model": "category.category",
  "pk": 10,
  "fields": {
    "name": "Account",
    "user": 4,
    "created_at": "2026-01-15T13:51:44.708Z",
    "updated_at": "2026-01-15T13:51:44.708Z"
  }
},
{
  "model": "category.category",
  "pk": 14,
  "fields": {
    "name": "Accounts",
    "user": 3,
    "created_at": "2026-01-31T17:56:00.988Z",
    "updated_at": "2026-01-31T17:56:00.988Z"
  }
},
{
  "model": "tasks.task",
  "pk": 1,
  "fields": {
    "title": "Code",
    "description": "Code the rest of the web UI in this project.",
    "status": "pending",
    "priority": "high",
    "due_date": "2026-01-30T00:00:00Z",
    "category": 4,
    "created_at": "2026-01-11T07:54:15.210Z",
    "updated_at": "2026-01-11T07:55:27.618Z"
  }
},
{
  "model": "tasks.task",
  "pk": 7,
  "fields": {
    "title": "Code",
    "description": "Complete the admin and user role based view and prioriy and status change.",
    "status": "completed",
    "priority": "high",
    "due_date": "2026-01-30T00:00:00Z",
    "category": 5,
    "created_at": "2026-01-11T09:14:02.569Z",
    "updated_at": "2026-01-31T17:32:31.058Z"
  }
},
{
  "model": "tasks.task",
  "pk": 10,
  "fields": {
    "title": "Code App",
    "description": "This task is to see the coding progress.",
    "status": "pending",
    "priority": "low",
    "due_date": "2026-01-30T00:00:00Z",
    "category": 10,
    "created_at": "2026-01-15T15:41:51.464Z",
    "updated_at": "2026-01-23T13:55:30.554Z"
  }
},
{
  "model": "tasks.task",
  "pk": 13,
  "fields": {
    "title": "Accounts",
    "description": "Related to accounts",
    "status": "pending",
    "priority": "low",
    "due_date": "2026-02-28T00:00:00Z",
    "category": 14,
    "created_at": "2026-01-31T17:57:12.666Z",
    "updated_at": "2026-01-31T17:57:12.666Z"
  }
},
{
  "model": "activityLog.activitylog",
  "pk": 1,
  "fields": {
    "user": 2,
    "action": "created",
    "task": 1,
    "task_title": null,
    "timestamp": "2026-01-11T07:54:15.217Z",
    "category": null,
    "category_title": null
  }
},
{
  "model": "activityLog.activitylog",
  "pk": 2,
  "fields": {
    "user": 2,
    "action": "updated",
    "task": 1,
    "task_title": null,
    "timestamp": "2026-01-11T07:55:27.625Z",
    "category": null,
    "category_title": null
  }
},
{
  "model": "activityLog.activitylog",
  "pk": 3,
  "fields": {
    "user": 3,
    "action": "created",
    "task": null,
    "task_title": null,
    "timestamp": "2026-01-11T08:19:00.697Z",
    "category": null,
    "category_title": null
  }
},
{
  "model": "activityLog.activitylog",
  "pk": 4,
  "fields": {
    "user": 3,
    "action": "deleted",
    "task": null,
    "task_title": null,
    "timestamp": "2026-01-11T08:25:29.544Z",
    "category": null,
    "category_title": null
  }
},
{
  "model": "activityLog.activitylog",
  "pk": 5,
  "fields": {
    "user": 3,
    "action": "created",
    "task": null,
    "task_title": "Code",
    "timestamp": "2026-01-11T09:01:49.776Z",
    "category": null,
    "category_title": null
  }
},
{
  "model": "activityLog.activitylog",
  "pk": 6,
  "fields": {
    "user": 3,
    "action": "deleted",
    "task": null,
    "task_title": null,
    "timestamp": "2026-01-11T09:07:11.642Z",
    "category": null,
    "category_title": null
  }
},
{
  "model": "activityLog.activitylog",
  "pk": 7,
  "fields": {
    "user": 3,
    "action": "deleted",
    "task": null,
    "task_title": null,
    "timestamp": "2026-01-11T09:07:49.842Z",
    "category": null,
    "category_title": null
  }
},
{
  "model": "activityLog.activitylog",
  "pk": 8,
  "fields": {
    "user": 3,
    "action": "created",
    "task": null,
    "task_title": "no",
    "timestamp": "2026-01-11T09:08:24.997Z",
    "category": null,
    "category_title": null
  }
},
{
  "model": "activityLog.activitylog",
  "pk": 9,
  "fields": {
    "user": 3,
    "action": "deleted",
    "task": null,
    "task_title": null,
    "timestamp": "2026-01-11T09:08:41.970Z",
    "category": null,
    "category_title": null
  }
},
{
  "model": "activityLog.activitylog",
  "pk": 10,
  "fields": {
    "user": 3,
    "action": "created",
    "task": null,
    "task_title": "finally",
    "timestamp": "2026-01-11T09:10:43.055Z",
    "category": null,
    "category_title": null
  }
},
{
  "model": "activityLog.activitylog",
  "pk": 11,
  "fields": {
    "user": 3,
    "action": "deleted",
    "task": null,
    "task_title": "finally",
    "timestamp": "2026-01-11T09:10:57.689Z",
    "category": null,
    "category_title": null
  }
},
{
  "model": "activityLog.activitylog",
  "pk": 12,
  "fields": {
    "user": 3,
    "action": "created",
    "task": 7,
    "task_title": "Code",
    "timestamp": "2026-01-11T09:14:02.576Z",
    "category": null,
    "category_title": null
  }
},
{
  "model": "activityLog.activitylog",
  "pk": 13,
  "fields": {
    "user": 3,
    "action": "updated",
    "task": 7,
    "task_title": "Code",
    "timestamp": "2026-01-11T09:56:26.270Z",
    "category": null,
    "category_title": null
  }
},
{
  "model": "activityLog.activitylog",
  "pk": 14,
  "fields": {
    "user": 3,
    "action": "updated",
    "task": 7,
    "task_title": "Code",
    "timestamp": "2026-01-11T09:56:27.661Z",
    "category": null,
    "category_title": null
  }
},
{
  "model": "activityLog.activitylog",
  "pk": 15,
  "fields": {
    "user": 3,
    "action": "updated",
    "task": 7,
    "task_title": "Code",
    "timestamp": "2026-01-11T09:56:28.580Z",
    "category": null,
    "category_title": null
  }
},
{
  "model": "activityLog.activitylog",
  "pk": 16,
  "fields": {
    "user": 3,
    "action": "updated",
    "task": 7,
    "task_title": "Code",
    "timestamp": "2026-01-11T09:56:49.702Z",
    "category": null,
    "category_title": null
  }
},
{
  "model": "activityLog.activitylog",
  "pk": 17,
  "fields": {
    "user": 3,
    "action": "updated",
    "task": 7,
    "task_title": "Code",
    "timestamp": "2026-01-11T09:56:53.595Z",
    "category": null,
    "category_title": null
  }
},
{
  "model": "activityLog.activitylog",
  "pk": 18,
  "fields": {
    "user": 3,
    "action": "updated",
    "task": 7,
    "task_title": "Code",
    "timestamp": "2026-01-11T10:03:47.156Z",
    "category": null,
    "category_title": null
  }
},
{
  "model": "activityLog.activitylog",
  "pk": 19,
  "fields": {
    "user": 3,
    "action": "updated",
    "task": 7,
    "task_title": "Code",
    "timestamp": "2026-01-11T10:03:48.378Z",
    "category": null,
    "category_title": null
  }
},
{
  "model": "activityLog.activitylog",
  "pk": 20,
  "fields": {
    "user": 3,
    "action": "updated",
    "task": 7,
    "task_title": "Code",
    "timestamp": "2026-01-11T10:04:08.884Z",
    "category": null,
    "category_title": null
  }
},
{
  "model": "activityLog.activitylog",
  "pk": 21,
  "fields": {
    "user": 3,
    "action": "updated",
    "task": 7,
    "task_title": "Code",
    "timestamp": "2026-01-11T10:04:09.620Z",
    "category": null,
    "category_title": null
  }
},
{
  "model": "activityLog.activitylog",
  "pk": 22,
  "fields": {
    "user": 3,
    "action": "updated",
    "task": 7,
    "task_title": "Code",
    "timestamp": "2026-01-11T10:06:53.246Z",
    "category": null,
    "category_title": null
  }
},
{
  "model": "activityLog.activitylog",
  "pk": 23,
  "fields": {
    "user": 3,
    "action": "completed",
    "task": 7,
    "task_title": "Code",
    "timestamp": "2026-01-11T10:06:54.398Z",
    "category": null,
    "category_title": null
  }
},
{
  "model": "activityLog.activitylog",
  "pk": 24,
  "fields": {
    "user": 3,
    "action": "created",
    "task": null,
    "task_title": null,
    "timestamp": "2026-01-11T10:36:53.180Z",
    "category": null,
    "category_title": "Accounts"
  }
},
{
  "model": "activityLog.activitylog",
  "pk": 25,
  "fields": {
    "user": 3,
    "action": "deleted",
    "task": null,
    "task_title": null,
    "timestamp": "2026-01-11T10:36:58.022Z",
    "category": null,
    "category_title": "Accounts"
  }
},
{
  "model": "activityLog.activitylog",
  "pk": 26,
  "fields": {
    "user": 3,
    "action": "updated",
    "task": null,
    "task_title": null,
    "timestamp": "2026-01-11T10:40:35.930Z",
    "category": null,
    "category_title": "Accounts"
  }
},
{
  "model": "activityLog.activitylog",
  "pk": 27,
  "fields": {
    "user": 3,
    "action": "updated",
    "task": 7,
    "task_title": "Code",
    "timestamp": "2026-01-11T11:34:40.057Z",
    "category": null,
    "category_title": null
  }
},
{
  "model": "activityLog.activitylog",
  "pk": 28,
  "fields": {
    "user": 3,
    "action": "completed",
    "task": 7,
    "task_title": "Code",
    "timestamp": "2026-01-11T11:35:07.388Z",
    "category": null,
    "category_title": null
  }
},
{
  "model": "activityLog.activitylog",
  "pk": 29,
  "fields": {
    "user": 4,
    "action": "created",
    "task": null,
    "task_title": null,
    "timestamp": "2026-01-15T13:42:06.226Z",
    "category": 8,
    "category_title": "Code"
  }
},
{
  "model": "activityLog.activitylog",
  "pk": 30,
  "fields": {
    "user": 4,
    "action": "created",
    "task": null,
    "task_title": null,
    "timestamp": "2026-01-15T13:42:26.704Z",
    "category": null,
    "category_title": "Account"
  }
},
{
  "model": "activityLog.activitylog",
  "pk": 31,
  "fields": {
    "user": 4,
    "action": "updated",
    "task": null,
    "task_title": null,
    "timestamp": "2026-01-15T13:47:48.308Z",
    "category": null,
    "category_title": "Accounts"
  }
},
{
  "model": "activityLog.activitylog",
  "pk": 32,
  "fields": {
    "user": 4,
    "action": "updated",
    "task": null,
    "task_title": null,
    "timestamp": "2026-01-15T13:49:04.865Z",
    "category": null,
    "category_title": "Accounts"
  }
},
{
  "model": "activityLog.activitylog",
  "pk": 33,
  "fields": {
    "user": 4,
    "action": "deleted",
    "task": null,
    "task_title": null,
    "timestamp": "2026-01-15T13:50:00.725Z",
    "category": null,
    "category_title": "Accounts"
  }
},
{
  "model": "activityLog.activitylog",
  "pk": 34,
  "fields": {
    "user": 4,
    "action": "created",
    "task": null,
    "task_title": null,
    "timestamp": "2026-01-15T13:51:44.714Z",
    "category": 10,
    "category_title": "Account"
  }
},
{
  "model": "activityLog.activitylog",
  "pk": 35,
  "fields": {
    "user": 4,
    "action": "created",
    "task": null,
    "task_title": "See Finance",
    "timestamp": "2026-01-15T14:01:50.792Z",
    "category": null,
    "category_title": null
  }
},
{
  "model": "activityLog.activitylog",
  "pk": 36,
  "fields": {
    "user": 4,
    "action": "updated",
    "task": null,
    "task_title": "Calculate Finance",
    "timestamp": "2026-01-15T14:15:24.083Z",
    "category": null,
    "category_title": null
  }
},
{
  "model": "activityLog.activitylog",
  "pk": 37,
  "fields": {
    "user": 4,
    "action": "updated",
    "task": null,
    "task_title": "Calculate Finance",
    "timestamp": "2026-01-15T14:56:34.664Z",
    "category": null,
    "category_title": null
  }
},
{
  "model": "activityLog.activitylog",
  "pk": 38,
  "fields": {
    "user": 4,
    "action": "updated",
    "task": null,
    "task_title": "Calculate Finance",
    "timestamp": "2026-01-15T14:56:50.241Z",
    "category": null,
    "category_title": null
  }
},
{
  "model": "activityLog.activitylog",
  "pk": 39,
  "fields": {
    "user": 4,
    "action": "deleted",
    "task": null,
    "task_title": "Calculate Finance",
    "timestamp": "2026-01-15T14:58:48.040Z",
    "category": null,
    "category_title": null
  }
},
{
  "model": "activityLog.activitylog",
  "pk": 40,
  "fields": {
    "user": 4,
    "action": "created",
    "task": null,
    "task_title": "See Finance",
    "timestamp": "2026-01-15T15:40:55.478Z",
    "category": null,
    "category_title": null
  }
},
{
  "model": "activityLog.activitylog",
  "pk": 41,
  "fields": {
    "user": 4,
    "action": "created",
    "task": 10,
    "task_title": "Code App",
    "timestamp": "2026-01-15T15:41:51.473Z",
    "category": null,
    "category_title": null
  }
},
{
  "model": "activityLog.activitylog",
  "pk": 42,
  "fields": {
    "user": 4,
    "action": "updated",
    "task": null,
    "task_title": "Calculate Finance",
    "timestamp": "2026-01-15T15:42:46.400Z",
    "category": null,
    "category_title": null
  }
},
{
  "model": "activityLog.activitylog",
  "pk": 43,
  "fields": {
    "user": 4,
    "action": "deleted",
    "task": null,
    "task_title": "Calculate Finance",
    "timestamp": "2026-01-15T15:43:21.313Z",
    "category": null,
    "category_title": null
  }
},
{
  "model": "activityLog.activitylog",
  "pk": 44,
  "fields": {
    "user": 4,
    "action": "created",
    "task": null,
    "task_title": null,
    "timestamp": "2026-01-15T15:44:23.417Z",
    "category": null,
    "category_title": "Chill"
  }
},
{
  "model": "activityLog.activitylog",
  "pk": 45,
  "fields": {
    "user": 4,
    "action": "updated",
    "task": null,
    "task_title": null,
    "timestamp": "2026-01-15T15:45:14.833Z",
    "category": null,
    "category_title": "You can't chill"
  }
},
{
  "model": "activityLog.activitylog",
  "pk": 46,
  "fields": {
    "user": 4,
    "action": "deleted",
    "task": null,
    "task_title": null,
    "timestamp": "2026-01-15T15:45:41.125Z",
    "category": null,
    "category_title": "You can't chill"
  }
},
{
  "model": "activityLog.activitylog",
  "pk": 47,
  "fields": {
    "user": 4,
    "action": "updated",
    "task": 10,
    "task_title": "Code App",
    "timestamp": "2026-01-23T13:55:30.564Z",
    "category": null,
    "category_title": null
  }
},
{
  "model": "activityLog.activitylog",
  "pk": 48,
  "fields": {
    "user": 3,
    "action": "updated",
    "task": 7,
    "task_title": "Code",
    "timestamp": "2026-01-31T15:38:00.513Z",
    "category": null,
    "category_title": null
  }
},
{
  "model": "activityLog.activitylog",
  "pk": 49,
  "fields": {
    "user": 3,
    "action": "created",
    "task": null,
    "task_title": null,
    "timestamp": "2026-01-31T15:39:17.380Z",
    "category": null,
    "category_title": "Random"
  }
},
{
  "model": "activityLog.activitylog",
  "pk": 50,
  "fields": {
    "user": 3,
    "action": "created",
    "task": null,
    "task_title": "Random",
    "timestamp": "2026-01-31T15:40:52.009Z",
    "category": null,
    "category_title": null
  }
},
{
  "model": "activityLog.activitylog",
  "pk": 51,
  "fields": {
    "user": 3,
    "action": "deleted",
    "task": null,
    "task_title": "Random",
    "timestamp": "2026-01-31T15:41:03.545Z",
    "category": null,
    "category_title": null
  }
},
{
  "model": "activityLog.activitylog",
  "pk": 52,
  "fields": {
    "user": 3,
    "action": "updated",
    "task": 7,
    "task_title": "Code",
    "timestamp": "2026-01-31T15:41:19.542Z",
    "category": null,
    "category_title": null
  }
},
{
  "model": "activityLog.activitylog",
  "pk": 53,
  "fields": {
    "user": 3,
    "action": "completed",
    "task": 7,
    "task_title": "Code",
    "timestamp": "2026-01-31T15:41:22.629Z",
    "category": null,
    "category_title": null
  }
},
{
  "model": "activityLog.activitylog",
  "pk": 54,
  "fields": {
    "user": 3,
    "action": "deleted",
    "task": null,
    "task_title": null,
    "timestamp": "2026-01-31T16:18:31.259Z",
    "category": null,
    "category_title": "Random"
  }
},
{
  "model": "activityLog.activitylog",
  "pk": 55,
  "fields": {
    "user": 3,
    "action": "created",
    "task": null,
    "task_title": null,
    "timestamp": "2026-01-31T16:18:55.912Z",
    "category": null,
    "category_title": "Random"
  }
},
{
  "model": "activityLog.activitylog",
  "pk": 56,
  "fields": {
    "user": 3,
    "action": "created",
    "task": null,
    "task_title": "randomasdan",
    "timestamp": "2026-01-31T16:52:24.261Z",
    "category": null,
    "category_title": null
  }
},
{
  "model": "activityLog.activitylog",
  "pk": 57,
  "fields": {
    "user": 3,
    "action": "deleted",
    "task": null,
    "task_title": "randomasdan",
    "timestamp": "2026-01-31T16:54:34.646Z",
    "category": null,
    "category_title": null
  }
},
{
  "model": "activityLog.activitylog",
  "pk": 58,
  "fields": {
    "user": 3,
    "action": "deleted",
    "task": null,
    "task_title": null,
    "timestamp": "2026-01-31T16:54:46.033Z",
    "category": null,
    "category_title": "Random"
  }
},
{
  "model": "activityLog.activitylog",
  "pk": 59,
  "fields": {
    "user": 3,
    "action": "updated",
    "task": 7,
    "task_title": "Code",
    "timestamp": "2026-01-31T17:32:29.438Z",
    "category": null,
    "category_title": null
  }
},
{
  "model": "activityLog.activitylog",
  "pk": 60,
  "fields": {
    "user": 3,
    "action": "completed",
    "task": 7,
    "task_title": "Code",
    "timestamp": "2026-01-31T17:32:31.067Z",
    "category": null,
    "category_title": null
  }
},
{
  "model": "activityLog.activitylog",
  "pk": 61,
  "fields": {
    "user": 3,
    "action": "deleted",
    "task": null,
    "task_title": null,
    "timestamp": "2026-01-31T17:35:55.717Z",
    "category": null,
    "category_title": "Accounts"
  }
},
{
  "model": "activityLog.activitylog",
  "pk": 62,
  "fields": {
    "user": 3,
    "action": "created",
    "task": null,
    "task_title": null,
    "timestamp": "2026-01-31T17:56:00.995Z",
    "category": 14,
    "category_title": "Accounts"
  }
},
{
  "model": "activityLog.activitylog",
  "pk": 63,
  "fields": {
    "user": 3,
    "action": "created",
    "task": 13,
    "task_title": "Accounts",
    "timestamp": "2026-01-31T17:57:12.673Z",
    "category": null,
    "category_title": null
  }
},
{
  "model": "token_blacklist.outstandingtoken",
  "pk": 1,
  "fields": {
    "user": 4,
    "jti": "9c0bf578cdd740b7b9f28e85d5084e32",
    "token": "eyJhbGciOiJIUzI1NiIsInR5cCI6IkpXVCJ9.eyJ0b2tlbl90eXBlIjoicmVmcmVzaCIsImV4cCI6MTc2ODQ2NDE0MCwiaWF0IjoxNzY4Mzc3NzQwLCJqdGkiOiI5YzBiZjU3OGNkZDc0MGI3YjlmMjhlODVkNTA4NGUzMiIsInVzZXJfaWQiOiI0In0.z6Um9L38wKahbdXa0YdWY-5vOCQn8rOQnvN01bPZVcY",
    "created_at": "2026-01-14T08:02:20.485Z",
    "expires_at": "2026-01-15T08:02:20Z"
  }
},
{
  "model": "token_blacklist.outstandingtoken",
  "pk": 2,
  "fields": {
    "user": 4,
    "jti": "5204eeb457f24fdab76e87905c2fbb96",
    "token": "eyJhbGciOiJIUzI1NiIsInR5cCI6IkpXVCJ9.eyJ0b2tlbl90eXBlIjoicmVmcmVzaCIsImV4cCI6MTc2ODQ3NDgxOSwiaWF0IjoxNzY4Mzg4NDE5LCJqdGkiOiI1MjA0ZWViNDU3ZjI0ZmRhYjc2ZTg3OTA1YzJmYmI5NiIsInVzZXJfaWQiOiI0In0.d-F0KXXdUEmT7WEDM2SX6AHbz0UaRjPSeMWITFDVYbc",
    "created_at": "2026-01-14T11:00:19.562Z",
    "expires_at": "2026-01-15T11:00:19Z"
  }
},
{
  "model": "token_blacklist.outstandingtoken",
  "pk": 3,
  "fields": {
    "user": 4,
    "jti": "ae11be4232a74b88b0a24248a3bae988",
    "token": "eyJhbGciOiJIUzI1NiIsInR5cCI6IkpXVCJ9.eyJ0b2tlbl90eXBlIjoicmVmcmVzaCIsImV4cCI6MTc2ODQ3NDg4NiwiaWF0IjoxNzY4Mzg4NDg2LCJqdGkiOiJhZTExYmU0MjMyYTc0Yjg4YjBhMjQyNDhhM2JhZTk4OCIsInVzZXJfaWQiOiI0In0.oBDJ3JmOuzYvrleyhQFrU3K7wmuD8fgZ4yTYacZZqKc",
    "created_at": "2026-01-14T11:01:26.973Z",
    "expires_at": "2026-01-15T11:01:26Z"
  }
},
{
  "model": "token_blacklist.outstandingtoken",
  "pk": 4,
  "fields": {
    "user": 4,
    "jti": "56827cbb362a44bcb20ccaa7c8aff577",
    "token": "eyJhbGciOiJIUzI1NiIsInR5cCI6IkpXVCJ9.eyJ0b2tlbl90eXBlIjoicmVmcmVzaCIsImV4cCI6MTc2ODQ3NTA5MSwiaWF0IjoxNzY4Mzg4NjkxLCJqdGkiOiI1NjgyN2NiYjM2MmE0NGJjYjIwY2NhYTdjOGFmZjU3NyIsInVzZXJfaWQiOiI0In0.e8FJDHbBAEoTLE0hqncsP9zkX2ESUVewJfEVrPG4j14",
    "created_at": "2026-01-14T11:04:51.009Z",
    "expires_at": "2026-01-15T11:04:51Z"
  }
},
{
  "model": "token_blacklist.outstandingtoken",
  "pk": 5,
  "fields": {
    "user": 4,
    "jti": "31e01374642040ff92f8523df245ae8f",
    "token": "eyJhbGciOiJIUzI1NiIsInR5cCI6IkpXVCJ9.eyJ0b2tlbl90eXBlIjoicmVmcmVzaCIsImV4cCI6MTc2ODQ3NTE4MSwiaWF0IjoxNzY4Mzg4NzgxLCJqdGkiOiIzMWUwMTM3NDY0MjA0MGZmOTJmODUyM2RmMjQ1YWU4ZiIsInVzZXJfaWQiOiI0In0.c9kTdwMFLPzYxUwpSWUYVitMQZeK9_d2uxzknwu-S_U",
    "created_at": "2026-01-14T11:06:21.806Z",
    "expires_at": "2026-01-15T11:06:21Z"
  }
},
{
  "model": "token_blacklist.outstandingtoken",
  "pk": 6,
  "fields": {
    "user": 4,
    "jti": "3c32a003107946bca745e03d9be507c8",
    "token": "eyJhbGciOiJIUzI1NiIsInR5cCI6IkpXVCJ9.eyJ0b2tlbl90eXBlIjoicmVmcmVzaCIsImV4cCI6MTc2ODQ3NTM5OCwiaWF0IjoxNzY4Mzg4OTk4LCJqdGkiOiIzYzMyYTAwMzEwNzk0NmJjYTc0NWUwM2Q5YmU1MDdjOCIsInVzZXJfaWQiOiI0In0.qYWWwKuIydyUp9zHVHOCd_vXLMe9KPRjUA1XYQ3ES4U",
    "created_at": "2026-01-14T11:09:58.940Z",
    "expires_at": "2026-01-15T11:09:58Z"
  }
},
{
  "model": "token_blacklist.outstandingtoken",
  "pk": 7,
  "fields": {
    "user": 4,
    "jti": "1875a18172ed44178e568c3483d29817",
    "token": "eyJhbGciOiJIUzI1NiIsInR5cCI6IkpXVCJ9.eyJ0b2tlbl90eXBlIjoicmVmcmVzaCIsImV4cCI6MTc2ODQ3NjA3MiwiaWF0IjoxNzY4Mzg5NjcyLCJqdGkiOiIxODc1YTE4MTcyZWQ0NDE3OGU1NjhjMzQ4M2QyOTgxNyIsInVzZXJfaWQiOiI0In0.oNGDoqyGij2WOlTO5rjvqNwH5ZNOFnL4ojIO2SDxrwg",
    "created_at": "2026-01-14T11:21:12.869Z",
    "expires_at": "2026-01-15T11:21:12Z"
  }
},
{
  "model": "token_blacklist.outstandingtoken",
  "pk": 8,
  "fields": {
    "user": 4,
    "jti": "3abf2aa7266f49bca31f11f6f4baf3a3",
    "token": "eyJhbGciOiJIUzI1NiIsInR5cCI6IkpXVCJ9.eyJ0b2tlbl90eXBlIjoicmVmcmVzaCIsImV4cCI6MTc2ODQ3NjEwMCwiaWF0IjoxNzY4Mzg5NzAwLCJqdGkiOiIzYWJmMmFhNzI2NmY0OWJjYTMxZjExZjZmNGJhZjNhMyIsInVzZXJfaWQiOiI0In0.YqsEcQQnLkmR55Z7W-3ukstegTmWEfpWbTsGyCc77p8",
    "created_at": "2026-01-14T11:21:40.088Z",
    "expires_at": "2026-01-15T11:21:40Z"
  }
},
{
  "model": "token_blacklist.outstandingtoken",
  "pk": 9,
  "fields": {
    "user": 4,
    "jti": "1e94f34ca700489a8cf974bd784ccf8e",
    "token": "eyJhbGciOiJIUzI1NiIsInR5cCI6IkpXVCJ9.eyJ0b2tlbl90eXBlIjoicmVmcmVzaCIsImV4cCI6MTc2ODQ3NjEzMywiaWF0IjoxNzY4Mzg5NzMzLCJqdGkiOiIxZTk0ZjM0Y2E3MDA0ODlhOGNmOTc0YmQ3ODRjY2Y4ZSIsInVzZXJfaWQiOiI0In0.RFMQ9Lnu7J4EY7JI_XFeWv5QaOSsesM1BKaJLyIPHAU",
    "created_at": "2026-01-14T11:22:13.211Z",
    "expires_at": "2026-01-15T11:22:13Z"
  }
},
{
  "model": "token_blacklist.outstandingtoken",
  "pk": 10,
  "fields": {
    "user": 4,
    "jti": "88579b784e1f47d6b2b018460288fdb3",
    "token": "eyJhbGciOiJIUzI1NiIsInR5cCI6IkpXVCJ9.eyJ0b2tlbl90eXBlIjoicmVmcmVzaCIsImV4cCI6MTc2ODQ3NjUyOSwiaWF0IjoxNzY4MzkwMTI5LCJqdGkiOiI4ODU3OWI3ODRlMWY0N2Q2YjJiMDE4NDYwMjg4ZmRiMyIsInVzZXJfaWQiOiI0In0.l9jJ6u9RCMoGKJDlW5fP6IjhamLbZqIWtdW_qni_uXY",
    "created_at": "2026-01-14T11:28:49.036Z",
    "expires_at": "2026-01-15T11:28:49Z"
  }
},
{
  "model": "token_blacklist.outstandingtoken",
  "pk": 11,
  "fields": {
    "user": 4,
    "jti": "ce2fe1b83f074024bdd225fed95939c7",
    "token": "eyJhbGciOiJIUzI1NiIsInR5cCI6IkpXVCJ9.eyJ0b2tlbl90eXBlIjoicmVmcmVzaCIsImV4cCI6MTc2ODQ3Njk2NiwiaWF0IjoxNzY4MzkwNTY2LCJqdGkiOiJjZTJmZTFiODNmMDc0MDI0YmRkMjI1ZmVkOTU5MzljNyIsInVzZXJfaWQiOiI0In0.9tBavZ0ZtNJf53CN3_pePd3K7OlLNFoADwn-WH-B2DU",
    "created_at": "2026-01-14T11:36:06.801Z",
    "expires_at": "2026-01-15T11:36:06Z"
  }
},
{
  "model": "token_blacklist.outstandingtoken",
  "pk": 12,
  "fields": {
    "user": 4,
    "jti": "3a43656a0c504d3ea24bbe8235c612a8",
    "token": "eyJhbGciOiJIUzI1NiIsInR5cCI6IkpXVCJ9.eyJ0b2tlbl90eXBlIjoicmVmcmVzaCIsImV4cCI6MTc2ODQ3NzAyMywiaWF0IjoxNzY4MzkwNjIzLCJqdGkiOiIzYTQzNjU2YTBjNTA0ZDNlYTI0YmJlODIzNWM2MTJhOCIsInVzZXJfaWQiOiI0In0.4Pi8_McMWMQH1jFZYmNnGRcqNVhJYdyaRp5BiVqQT2s",
    "created_at": "2026-01-14T11:37:03.801Z",
    "expires_at": "2026-01-15T11:37:03Z"
  }
},
{
  "model": "token_blacklist.outstandingtoken",
  "pk": 13,
  "fields": {
    "user": 4,
    "jti": "7d992800f99941b384749081dbc645c4",
    "token": "eyJhbGciOiJIUzI1NiIsInR5cCI6IkpXVCJ9.eyJ0b2tlbl90eXBlIjoicmVmcmVzaCIsImV4cCI6MTc2ODU2ODM4MywiaWF0IjoxNzY4NDgxOTgzLCJqdGkiOiI3ZDk5MjgwMGY5OTk0MWIzODQ3NDkwODFkYmM2NDVjNCIsInVzZXJfaWQiOiI0In0.wUNMVMK133e5shnSdLNGsoORgfNxJXfp3SROWLwBR-g",
    "created_at": "2026-01-15T12:59:43.116Z",
    "expires_at": "2026-01-16T12:59:43Z"
  }
},
{
  "model": "token_blacklist.outstandingtoken",
  "pk": 14,
  "fields": {
    "user": 4,
    "jti": "96a126c18ee449d3ae8af449a3501d29",
    "token": "eyJhbGciOiJIUzI1NiIsInR5cCI6IkpXVCJ9.eyJ0b2tlbl90eXBlIjoicmVmcmVzaCIsImV4cCI6MTc2ODU2ODg5MywiaWF0IjoxNzY4NDgyNDkzLCJqdGkiOiI5NmExMjZjMThlZTQ0OWQzYWU4YWY0NDlhMzUwMWQyOSIsInVzZXJfaWQiOiI0In0._Oqo2pzPi-2nzkneJJ1ncBHZYrVxnJ_R3BYeWmBaFMc",
    "created_at": "2026-01-15T13:08:13.878Z",
    "expires_at": "2026-01-16T13:08:13Z"
  }
},
{
  "model": "token_blacklist.outstandingtoken",
  "pk": 15,
  "fields": {
    "user": 4,
    "jti": "69fe2577a9a94337b58bfa31bcaec229",
    "token": "eyJhbGciOiJIUzI1NiIsInR5cCI6IkpXVCJ9.eyJ0b2tlbl90eXBlIjoicmVmcmVzaCIsImV4cCI6MTc2ODU2OTI3OCwiaWF0IjoxNzY4NDgyODc4LCJqdGkiOiI2OWZlMjU3N2E5YTk0MzM3YjU4YmZhMzFiY2FlYzIyOSIsInVzZXJfaWQiOiI0In0.kvd4gRIASzEirddeNbsJL_VkjHzhk91ck36XUUZFTfI",
    "created_at": "2026-01-15T13:14:38.165Z",
    "expires_at": "2026-01-16T13:14:38Z"
  }
},
{
  "model": "token_blacklist.outstandingtoken",
  "pk": 16,
  "fields": {
    "user": 4,
    "jti": "332dd0dc17694cf39fb2901d8bd3eb41",
    "token": "eyJhbGciOiJIUzI1NiIsInR5cCI6IkpXVCJ9.eyJ0b2tlbl90eXBlIjoicmVmcmVzaCIsImV4cCI6MTc2ODU2OTQ3NSwiaWF0IjoxNzY4NDgzMDc1LCJqdGkiOiIzMzJkZDBkYzE3Njk0Y2YzOWZiMjkwMWQ4YmQzZWI0MSIsInVzZXJfaWQiOiI0In0.0p-sI88PGgGzKL3tOmg_zxfhVSW7KW5LZLwtU6bC0so",
    "created_at": "2026-01-15T13:17:55.735Z",
    "expires_at": "2026-01-16T13:17:55Z"
  }
},
{
  "model": "token_blacklist.outstandingtoken",
  "pk": 17,
  "fields": {
    "user": 4,
    "jti": "254255045c8a43cfb26d781c8163434b",
    "token": "eyJhbGciOiJIUzI1NiIsInR5cCI6IkpXVCJ9.eyJ0b2tlbl90eXBlIjoicmVmcmVzaCIsImV4cCI6MTc2ODU2OTkwMywiaWF0IjoxNzY4NDgzNTAzLCJqdGkiOiIyNTQyNTUwNDVjOGE0M2NmYjI2ZDc4MWM4MTYzNDM0YiIsInVzZXJfaWQiOiI0In0.SZlD5dEssts9y8VY9_I30YnjSeiJ-NaSkhmEAj2taX4",
    "created_at": "2026-01-15T13:25:03.375Z",
    "expires_at": "2026-01-16T13:25:03Z"
  }
},
{
  "model": "token_blacklist.outstandingtoken",
  "pk": 18,
  "fields": {
    "user": 4,
    "jti": "c062e3ab46e14817b024bd2393c05d8f",
    "token": "eyJhbGciOiJIUzI1NiIsInR5cCI6IkpXVCJ9.eyJ0b2tlbl90eXBlIjoicmVmcmVzaCIsImV4cCI6MTc2ODU2OTkxMywiaWF0IjoxNzY4NDgzNTEzLCJqdGkiOiJjMDYyZTNhYjQ2ZTE0ODE3YjAyNGJkMjM5M2MwNWQ4ZiIsInVzZXJfaWQiOiI0In0.6Zz7S8izAbqyQ1hThGv-tzkeIMCfx-mItJ0Tgjvwhbs",
    "created_at": "2026-01-15T13:25:13.590Z",
    "expires_at": "2026-01-16T13:25:13Z"
  }
},
{
  "model": "token_blacklist.outstandingtoken",
  "pk": 19,
  "fields": {
    "user": 4,
    "jti": "945852c347294d979c121983ca40369e",
    "token": "eyJhbGciOiJIUzI1NiIsInR5cCI6IkpXVCJ9.eyJ0b2tlbl90eXBlIjoicmVmcmVzaCIsImV4cCI6MTc2ODU2OTkzMywiaWF0IjoxNzY4NDgzNTMzLCJqdGkiOiI5NDU4NTJjMzQ3Mjk0ZDk3OWMxMjE5ODNjYTQwMzY5ZSIsInVzZXJfaWQiOiI0In0.CMaLHtiowWdQDmu0kkKS6gOiWF_6eVCRrlEwYhw9GDw",
    "created_at": "2026-01-15T13:25:33.505Z",
    "expires_at": "2026-01-16T13:25:33Z"
  }
},
{
  "model": "token_blacklist.outstandingtoken",
  "pk": 20,
  "fields": {
    "user": 4,
    "jti": "b41038fcdca64ff7bdfa08ad9062bea1",
    "token": "eyJhbGciOiJIUzI1NiIsInR5cCI6IkpXVCJ9.eyJ0b2tlbl90eXBlIjoicmVmcmVzaCIsImV4cCI6MTc2ODU3MDA1NCwiaWF0IjoxNzY4NDgzNjU0LCJqdGkiOiJiNDEwMzhmY2RjYTY0ZmY3YmRmYTA4YWQ5MDYyYmVhMSIsInVzZXJfaWQiOiI0In0.k49fJlKcRPi3pc0lfyj859LvLd3FvHfpA8slNY7K0tk",
    "created_at": "2026-01-15T13:27:34.567Z",
    "expires_at": "2026-01-16T13:27:34Z"
  }
},
{
  "model": "token_blacklist.outstandingtoken",
  "pk": 21,
  "fields": {
    "user": 4,
    "jti": "9b40d6cf83624b9296374cdbef596164",
    "token": "eyJhbGciOiJIUzI1NiIsInR5cCI6IkpXVCJ9.eyJ0b2tlbl90eXBlIjoicmVmcmVzaCIsImV4cCI6MTc2ODU3MDExNCwiaWF0IjoxNzY4NDgzNzE0LCJqdGkiOiI5YjQwZDZjZjgzNjI0YjkyOTYzNzRjZGJlZjU5NjE2NCIsInVzZXJfaWQiOiI0In0.uW6RsTyPip-aWR3V7s-GG6ujHrupSRHum2BAKB2IWCY",
    "created_at": "2026-01-15T13:28:34.022Z",
    "expires_at": "2026-01-16T13:28:34Z"
  }
},
{
  "model": "token_blacklist.outstandingtoken",
  "pk": 22,
  "fields": {
    "user": 4,
    "jti": "02b0dae06dec41b0a046d7db1c00db7b",
    "token": "eyJhbGciOiJIUzI1NiIsInR5cCI6IkpXVCJ9.eyJ0b2tlbl90eXBlIjoicmVmcmVzaCIsImV4cCI6MTc2ODU3MDE2MCwiaWF0IjoxNzY4NDgzNzYwLCJqdGkiOiIwMmIwZGFlMDZkZWM0MWIwYTA0NmQ3ZGIxYzAwZGI3YiIsInVzZXJfaWQiOiI0In0.V0-ppfwo75kfd2JRZcQu2Thrsr0xjn8BoDW2r3ra-DQ",
    "created_at": "2026-01-15T13:29:20.080Z",
    "expires_at": "2026-01-16T13:29:20Z"
  }
},
{
  "model": "token_blacklist.outstandingtoken",
  "pk": 23,
  "fields": {
    "user": 4,
    "jti": "fd985c0adfaa41c798b8710c938a7efd",
    "token": "eyJhbGciOiJIUzI1NiIsInR5cCI6IkpXVCJ9.eyJ0b2tlbl90eXBlIjoicmVmcmVzaCIsImV4cCI6MTc2ODU3MDU2NSwiaWF0IjoxNzY4NDg0MTY1LCJqdGkiOiJmZDk4NWMwYWRmYWE0MWM3OThiODcxMGM5MzhhN2VmZCIsInVzZXJfaWQiOiI0In0.d5rR1vgGQ_cx2gPbYdQ6KGpFT_LBO5sTz4Vkd_uI8og",
    "created_at": "2026-01-15T13:36:05.850Z",
    "expires_at": "2026-01-16T13:36:05Z"
  }
},
{
  "model": "token_blacklist.outstandingtoken",
  "pk": 24,
  "fields": {
    "user": 4,
    "jti": "bb1fe60a8c934a22a1177fe4895e0a32",
    "token": "eyJhbGciOiJIUzI1NiIsInR5cCI6IkpXVCJ9.eyJ0b2tlbl90eXBlIjoicmVmcmVzaCIsImV4cCI6MTc2ODU3MDU3OSwiaWF0IjoxNzY4NDg0MTc5LCJqdGkiOiJiYjFmZTYwYThjOTM0YTIyYTExNzdmZTQ4OTVlMGEzMiIsInVzZXJfaWQiOiI0In0.L7ccITWmO6cbBr3G4H9ArIuHqUNO6Hv8todjztoxrrA",
    "created_at": "2026-01-15T13:36:19.988Z",
    "expires_at": "2026-01-16T13:36:19Z"
  }
},
{
  "model": "token_blacklist.outstandingtoken",
  "pk": 25,
  "fields": {
    "user": 4,
    "jti": "414acfa1d5634343a6a4eacf5659a6a8",
    "token": "eyJhbGciOiJIUzI1NiIsInR5cCI6IkpXVCJ9.eyJ0b2tlbl90eXBlIjoicmVmcmVzaCIsImV4cCI6MTc2ODU3Nzc2OCwiaWF0IjoxNzY4NDkxMzY4LCJqdGkiOiI0MTRhY2ZhMWQ1NjM0MzQzYTZhNGVhY2Y1NjU5YTZhOCIsInVzZXJfaWQiOiI0In0.DKl4LWetnju5Y2CtHhP9M0jnx4me1CKTWFSTy4b-uS8",
    "created_at": "2026-01-15T15:36:08.924Z",
    "expires_at": "2026-01-16T15:36:08Z"
  }
},
{
  "model": "token_blacklist.outstandingtoken",
  "pk": 26,
  "fields": {
    "user": 4,
    "jti": "0ce113abf58146d7b77c0084bd81e9f7",
    "token": "eyJhbGciOiJIUzI1NiIsInR5cCI6IkpXVCJ9.eyJ0b2tlbl90eXBlIjoicmVmcmVzaCIsImV4cCI6MTc2ODU3Nzg5NCwiaWF0IjoxNzY4NDkxNDk0LCJqdGkiOiIwY2UxMTNhYmY1ODE0NmQ3Yjc3YzAwODRiZDgxZTlmNyIsInVzZXJfaWQiOiI0In0.ukxvAxO7c-psojxY0BZnxqbKyYRPTkNTEKYfonGe6kI",
    "created_at": "2026-01-15T15:38:14.050Z",
    "expires_at": "2026-01-16T15:38:14Z"
  }
},
{
  "model": "token_blacklist.outstandingtoken",
  "pk": 27,
  "fields": {
    "user": 4,
    "jti": "c37c6b77d8cf4472a526952f6310d008",
    "token": "eyJhbGciOiJIUzI1NiIsInR5cCI6IkpXVCJ9.eyJ0b2tlbl90eXBlIjoicmVmcmVzaCIsImV4cCI6MTc2OTA5NTQyNCwiaWF0IjoxNzY5MDA5MDI0LCJqdGkiOiJjMzdjNmI3N2Q4Y2Y0NDcyYTUyNjk1MmY2MzEwZDAwOCIsInVzZXJfaWQiOiI0In0.KdQBp1oAF0OqFqkNl7o4D8CxchGM7gD4UPQwTtImdX8",
    "created_at": "2026-01-21T15:23:44.027Z",
    "expires_at": "2026-01-22T15:23:44Z"
  }
},
{
  "model": "token_blacklist.outstandingtoken",
  "pk": 28,
  "fields": {
    "user": 4,
    "jti": "782c65736f0d485d96c9be7dfd69d941",
    "token": "eyJhbGciOiJIUzI1NiIsInR5cCI6IkpXVCJ9.eyJ0b2tlbl90eXBlIjoicmVmcmVzaCIsImV4cCI6MTc2OTA5NTYyMywiaWF0IjoxNzY5MDA5MjIzLCJqdGkiOiI3ODJjNjU3MzZmMGQ0ODVkOTZjOWJlN2RmZDY5ZDk0MSIsInVzZXJfaWQiOiI0In0.9KlO_KbVyCEWuDVtqZz1lUINqz_7Cs6Sn0YaRZTAl_g",
    "created_at": "2026-01-21T15:27:03.204Z",
    "expires_at": "2026-01-22T15:27:03Z"
  }
},
{
  "model": "token_blacklist.outstandingtoken",
  "pk": 29,
  "fields": {
    "user": 4,
    "jti": "09387e391817488196e96071b7f2883c",
    "token": "eyJhbGciOiJIUzI1NiIsInR5cCI6IkpXVCJ9.eyJ0b2tlbl90eXBlIjoicmVmcmVzaCIsImV4cCI6MTc2OTA5NjEwNSwiaWF0IjoxNzY5MDA5NzA1LCJqdGkiOiIwOTM4N2UzOTE4MTc0ODgxOTZlOTYwNzFiN2YyODgzYyIsInVzZXJfaWQiOiI0In0._bRldvtDPU28-o1L47oV0y0b1ktepF2Eq8fmSKhdzBs",
    "created_at": "2026-01-21T15:35:05.582Z",
    "expires_at": "2026-01-22T15:35:05Z"
  }
},
{
  "model": "token_blacklist.outstandingtoken",
  "pk": 30,
  "fields": {
    "user": 4,
    "jti": "e6b6cc56dbd542b3aa17cf1dea7a8951",
    "token": "eyJhbGciOiJIUzI1NiIsInR5cCI6IkpXVCJ9.eyJ0b2tlbl90eXBlIjoicmVmcmVzaCIsImV4cCI6MTc2OTA5Njc2MCwiaWF0IjoxNzY5MDEwMzYwLCJqdGkiOiJlNmI2Y2M1NmRiZDU0MmIzYWExN2NmMWRlYTdhODk1MSIsInVzZXJfaWQiOiI0In0.EOr1R4aDwfWhUN5VMyz-yN78peXVv758wMtmRtLq_uU",
    "created_at": "2026-01-21T15:46:00.720Z",
    "expires_at": "2026-01-22T15:46:00Z"
  }
},
{
  "model": "token_blacklist.outstandingtoken",
  "pk": 31,
  "fields": {
    "user": 4,
    "jti": "d3848c9e74bb4f46a61d61ca348dd15d",
    "token": "eyJhbGciOiJIUzI1NiIsInR5cCI6IkpXVCJ9.eyJ0b2tlbl90eXBlIjoicmVmcmVzaCIsImV4cCI6MTc2OTA5Njk2MywiaWF0IjoxNzY5MDEwNTYzLCJqdGkiOiJkMzg0OGM5ZTc0YmI0ZjQ2YTYxZDYxY2EzNDhkZDE1ZCIsInVzZXJfaWQiOiI0In0.UD2FVvNkPbYYvh9m1wnUA61O1Cf0sfaWontfG-4jg1w",
    "created_at": "2026-01-21T15:49:23.732Z",
    "expires_at": "2026-01-22T15:49:23Z"
  }
},
{
  "model": "token_blacklist.outstandingtoken",
  "pk": 32,
  "fields": {
    "user": 4,
    "jti": "4136fc10bd8d47fcbf97427dac08b9db",
    "token": "eyJhbGciOiJIUzI1NiIsInR5cCI6IkpXVCJ9.eyJ0b2tlbl90eXBlIjoicmVmcmVzaCIsImV4cCI6MTc2OTA5NzE2OCwiaWF0IjoxNzY5MDEwNzY4LCJqdGkiOiI0MTM2ZmMxMGJkOGQ0N2ZjYmY5NzQyN2RhYzA4YjlkYiIsInVzZXJfaWQiOiI0In0.ZmsVKKQyYIjhhZwJ3sQ26oKgx3hV1VzAEABTcDUCyEc",
    "created_at": "2026-01-21T15:52:48.510Z",
    "expires_at": "2026-01-22T15:52:48Z"
  }
},
{
  "model": "token_blacklist.outstandingtoken",
  "pk": 33,
  "fields": {
    "user": 4,
    "jti": "2e5295ff7a444014ac5b024b008a3092",
    "token": "eyJhbGciOiJIUzI1NiIsInR5cCI6IkpXVCJ9.eyJ0b2tlbl90eXBlIjoicmVmcmVzaCIsImV4cCI6MTc2OTE2NjY2NCwiaWF0IjoxNzY5MDgwMjY0LCJqdGkiOiIyZTUyOTVmZjdhNDQ0MDE0YWM1YjAyNGIwMDhhMzA5MiIsInVzZXJfaWQiOiI0In0.KCBbOHidYXF5Ev_lzqdi4gxFpA-Su41AbGkfCnRThNw",
    "created_at": "2026-01-22T11:11:04.612Z",
    "expires_at": "2026-01-23T11:11:04Z"
  }
},
{
  "model": "token_blacklist.outstandingtoken",
  "pk": 34,
  "fields": {
    "user": 4,
    "jti": "edbd92d7c57442b79178d411e60e2293",
    "token": "eyJhbGciOiJIUzI1NiIsInR5cCI6IkpXVCJ9.eyJ0b2tlbl90eXBlIjoicmVmcmVzaCIsImV4cCI6MTc2OTE2NjcwMCwiaWF0IjoxNzY5MDgwMzAwLCJqdGkiOiJlZGJkOTJkN2M1NzQ0MmI3OTE3OGQ0MTFlNjBlMjI5MyIsInVzZXJfaWQiOiI0In0.izbJJ8OpVYaFFeP8qZ348wu9WGebP2yi3F6i52nDVJM",
    "created_at": "2026-01-22T11:11:40.821Z",
    "expires_at": "2026-01-23T11:11:40Z"
  }
},
{
  "model": "token_blacklist.outstandingtoken",
  "pk": 35,
  "fields": {
    "user": 4,
    "jti": "bfebc52ca24b4a07aaf9b0ff10c63ab2",
    "token": "eyJhbGciOiJIUzI1NiIsInR5cCI6IkpXVCJ9.eyJ0b2tlbl90eXBlIjoicmVmcmVzaCIsImV4cCI6MTc2OTI1ODIwNiwiaWF0IjoxNzY5MTcxODA2LCJqdGkiOiJiZmViYzUyY2EyNGI0YTA3YWFmOWIwZmYxMGM2M2FiMiIsInVzZXJfaWQiOiI0In0.at-MOrtZhmNz5TUGPHtHv9N3-xZPK1n1SYh2J2gJ59M",
    "created_at": "2026-01-23T12:36:46.879Z",
    "expires_at": "2026-01-24T12:36:46Z"
  }
},
{
  "model": "token_blacklist.outstandingtoken",
  "pk": 36,
  "fields": {
    "user": 4,
    "jti": "6b69cdb1e061454099fd42a4066fbf0b",
    "token": "eyJhbGciOiJIUzI1NiIsInR5cCI6IkpXVCJ9.eyJ0b2tlbl90eXBlIjoicmVmcmVzaCIsImV4cCI6MTc2OTI1ODQ2NCwiaWF0IjoxNzY5MTcyMDY0LCJqdGkiOiI2YjY5Y2RiMWUwNjE0NTQwOTlmZDQyYTQwNjZmYmYwYiIsInVzZXJfaWQiOiI0In0.r5_iysikPndYeJS8rWCgv7vCfYtYUilEb2A9b_UmGQg",
    "created_at": "2026-01-23T12:41:04.713Z",
    "expires_at": "2026-01-24T12:41:04Z"
  }
},
{
  "model": "token_blacklist.outstandingtoken",
  "pk": 37,
  "fields": {
    "user": 4,
    "jti": "206d5cf098984e13b206031a4b241241",
    "token": "eyJhbGciOiJIUzI1NiIsInR5cCI6IkpXVCJ9.eyJ0b2tlbl90eXBlIjoicmVmcmVzaCIsImV4cCI6MTc2OTI2MjY5MSwiaWF0IjoxNzY5MTc2MjkxLCJqdGkiOiIyMDZkNWNmMDk4OTg0ZTEzYjIwNjAzMWE0YjI0MTI0MSIsInVzZXJfaWQiOiI0In0.QZzEJ4xV-o9gT8S_aBoEjHElRRgZ0dzJlPbfvrkJ3kY",
    "created_at": "2026-01-23T13:51:31.902Z",
    "expires_at": "2026-01-24T13:51:31Z"
  }
},
{
  "model": "token_blacklist.outstandingtoken",
  "pk": 38,
  "fields": {
    "user": 4,
    "jti": "b2eb44ac9d8a4f89b2f5b29e449ef397",
    "token": "eyJhbGciOiJIUzI1NiIsInR5cCI6IkpXVCJ9.eyJ0b2tlbl90eXBlIjoicmVmcmVzaCIsImV4cCI6MTc2OTI2MjgzNCwiaWF0IjoxNzY5MTc2NDM0LCJqdGkiOiJiMmViNDRhYzlkOGE0Zjg5YjJmNWIyOWU0NDllZjM5NyIsInVzZXJfaWQiOiI0In0.bJLkJkxOuLMT5cb1gnIBf5VSyAwn6GJxXbw30nju2z0",
    "created_at": "2026-01-23T13:53:54.125Z",
    "expires_at": "2026-01-24T13:53:54Z"
  }
},
{
  "model": "token_blacklist.blacklistedtoken",
  "pk": 1,
  "fields": {
    "token": 9,
    "blacklisted_at": "2026-01-14T11:22:34.776Z"
  }
},
{
  "model": "token_blacklist.blacklistedtoken",
  "pk": 2,
  "fields": {
    "token": 10,
    "blacklisted_at": "2026-01-14T11:29:22.988Z"
  }
},
{
  "model": "token_blacklist.blacklistedtoken",
  "pk": 3,
  "fields": {
    "token": 12,
    "blacklisted_at": "2026-01-14T11:37:24.911Z"
  }
},
{
  "model": "token_blacklist.blacklistedtoken",
  "pk": 4,
  "fields": {
    "token": 25,
    "blacklisted_at": "2026-01-15T15:36:38.823Z"
  }
}
]
